{
    "MNISTVal": 0.995,
    "MNIST": 0.9975,
    "CarsVal": 0.8648648648648649,
    "Cars": 0.8761348091033454,
    "DTDVal": 0.8209219858156028,
    "DTD": 0.9829787234042553,
    "EuroSATVal": 0.9925925925925926,
    "EuroSAT": 0.9888888888888889,
    "GTSRBVal": 0.9992492492492493,
    "GTSRB": 0.9900237529691212,
    "RESISC45Val": 0.9703703703703703,
    "RESISC45": 0.9693650793650793,
    "SUN397Val": 0.7758186397984886,
    "SUN397": 0.788110831234257,
    "SVHNVal": 0.9676,
    "SVHN": 0.9782191149354641,
    "CIFAR10Val": 0.9842,
    "CIFAR10": 0.9853,
    "CIFAR100Val": 0.9108,
    "CIFAR100": 0.9071,
    "Food101Val": 0.8956,
    "Food101": 0.9287920792079208,
    "STL10Val": 0.996,
    "STL10": 0.986,
    "OxfordIIITPetVal": 0.9483695652173914,
    "OxfordIIITPet": 0.9449441264649768,
    "RenderedSST2Val": 0.773121387283237,
    "RenderedSST2": 0.7918725974739155,
    "EMNISTVal": 0.9978,
    "EMNIST": 0.997925,
    "FashionMNISTVal": 0.9528,
    "FashionMNIST": 0.9565,
    "KMNISTVal": 0.9974,
    "KMNIST": 0.9879,
    "Flowers102Val": 0.9705882352941176,
    "Flowers102": 0.9375508212717515,
    "PCAMVal": 0.9786,
    "PCAM": 0.891815185546875,
    "FER2013": 0.7475619949846753,
    "FER2013Val": 0.7526132404181185
}
