{
    "Cars": 0.9226464370103221,
    "CarsVal": 0.9287469287469288,
    "DTD": 0.9851063829787234,
    "DTDVal": 0.851063829787234,
    "EuroSAT": 0.9925925925925926,
    "EuroSATVal": 0.9929629629629629,
    "GTSRB": 0.9915281076801267,
    "GTSRBVal": 0.9996246246246246,
    "MNIST": 0.9979,
    "MNISTVal": 0.997,
    "RESISC45": 0.9731746031746031,
    "RESISC45Val": 0.973015873015873,
    "SUN397": 0.8208564231738035,
    "SUN397Val": 0.8241813602015113,
    "SVHN": 0.9812922556853104,
    "SVHNVal": 0.9724,
    "CIFAR100": 0.9333,
    "CIFAR100Val":  0.9368,
    "FER2013": 0.770130955697966,
    "FER2013Val": 0.7735191637630662,
    "Flowers102":  0.9786957228817694,
    "Flowers102Val": 0.9901960784313726,
    "OxfordIIITPet":  0.9553011719814664,
    "OxfordIIITPetVal":  0.9592391304347826,
    "PCAM":  0.902679443359375,
    "PCAMVal": 0.9804,
    "STL10": 0.995125,
    "STL10Val":  0.994,
    "CIFAR10": 0.992,
    "CIFAR10Val": 0.9906,
    "EMNIST":  0.9981,
    "EMNISTVal": 0.9978,
    "FashionMNIST":  0.9581,
    "FashionMNISTVal": 0.9566,
    "Food101": 0.9546138613861386,
    "Food101Val":  0.9306,
    "KMNIST": 0.9875,
    "KMNISTVal":  0.9974,
    "RenderedSST2": 0.8544755628775398,
    "RenderedSST2Val": 0.8251445086705202
}