{
    "CIFAR10": 0.9791,
    "CIFAR100": 0.8927,
    "CIFAR100Val": 0.8952,
    "CIFAR10Val": 0.9788,
    "Cars": 0.7818679268747668,
    "CarsVal": 0.7800982800982801,
    "DTD": 0.9797872340425532,
    "DTDVal": 0.7854609929078015,
    "EMNIST": 0.997825,
    "EMNISTVal": 0.9982,
    "EuroSAT": 0.9892592592592593,
    "EuroSATVal": 0.9903703703703703,
    "FashionMNIST": 0.953,
    "FashionMNISTVal": 0.9552,
    "Flowers102": 0.9050252073507887,
    "Flowers102Val": 0.9509803921568627,
    "Food101": 0.890970297029703,
    "Food101Val": 0.8462,
    "FER2013": 0.7294511005851212,
    "FER2013Val": 0.735191637630662,
    "GTSRB": 0.9914489311163895,
    "GTSRBVal": 0.9992492492492493,
    "KMNIST": 0.9863,
    "KMNISTVal": 0.995,
    "MNIST": 0.9969,
    "MNISTVal": 0.9956,
    "OxfordIIITPet": 0.9111474516216953,
    "OxfordIIITPetVal": 0.9239130434782609,
    "PCAM": 0.878753662109375,
    "PCAMVal": 0.9736,
    "RESISC45": 0.957936507936508,
    "RESISC45Val": 0.9624338624338624,
    "RenderedSST2": 0.7435475013728721,
    "RenderedSST2Val": 0.7138728323699421,
    "STL10": 0.97975,
    "STL10Val": 0.984,
    "SUN397": 0.7534508816120907,
    "SUN397Val": 0.7541561712846347,
    "SVHN": 0.9756837738168408,
    "SVHNVal": 0.9638
}
